,,Domestic,Commercial,Industrial,Street lighting,All groups,Exports of electricity to the mainland of China,Domestic,Commercial,Industrial,All groups
1979,Jan,507,918,985,11,2421,-,134,104,15,253
1979,Feb,544,970,891,11,2415,-,145,110,14,268
1979,Mar,520,995,1076,10,2601,-,141,107,16,264
1979,Apr,548,1030,1088,10,2676,96,136,111,16,263
1979,May,578,1145,1210,10,2943,80,120,108,16,244
1979,Jun,642,1220,1257,8,3127,103,123,112,19,255
1979,Jul,822,1373,1342,10,3547,116,115,106,19,239
1979,Aug,893,1385,1354,9,3641,88,102,105,18,224
1979,Sep,824,1331,1283,9,3447,82,105,109,18,233
1979,Oct,644,1241,1268,10,3163,107,112,109,17,238
1979,Nov,527,1134,1217,10,2888,121,126,119,18,263
1979,Dec,508,1020,1154,11,2693,112,142,119,16,277
1980,Jan,558,1064,1185,12,2819,120,164,131,19,314
1980,Feb,564,954,893,12,2423,106,173,133,16,321
1980,Mar,535,1006,1034,11,2586,101,173,123,15,310
1980,Apr,560,1168,1260,11,2999,105,170,135,19,324
1980,May,582,1279,1342,10,3213,72,144,128,19,291
1980,Jun,738,1418,1315,10,3481,73,140,126,19,286
1980,Jul,1044,1618,1447,10,4119,92,123,124,18,265
1980,Aug,983,1556,1425,10,3974,37,114,125,18,256
1980,Sep,945,1559,1383,11,3898,71,116,124,18,257
1980,Oct,764,1519,1366,11,3660,110,131,131,16,278
1980,Nov,608,1302,1253,12,3175,117,146,136,18,299
1980,Dec,533,1205,1223,12,2973,106,165,139,19,323
1981,Jan,599,1155,1163,12,2929,115,192,152,19,363
1981,Feb,585,1106,855,13,2559,99,210,153,14,378
1981,Mar,546,1180,1120,12,2858,111,183,135,17,335
1981,Apr,612,1364,1247,11,3234,102,177,146,19,343
1981,May,681,1488,1376,11,3556,41,167,144,18,329
1981,Jun,736,1568,1404,11,3719,38,160,153,21,333
1981,Jul,967,1735,1466,11,4179,17,154,144,18,315
1981,Aug,1049,1721,1458,11,4239,19,137,152,22,311
1981,Sep,1029,1759,1498,12,4298,40,140,148,19,308
1981,Oct,786,1642,1388,12,3828,75,145,148,19,311
1981,Nov,595,1377,1252,12,3236,86,171,154,19,344
1981,Dec,550,1246,1181,13,2990,108,188,155,21,364
1982,Jan,587,1209,996,13,2805,94,226,166,15,408
1982,Feb,611,1192,916,14,2733,91,238,166,19,423
1982,Mar,579,1343,1171,12,3105,82,237,163,19,419
1982,Apr,625,1423,1234,12,3294,48,213,162,18,393
1982,May,659,1638,1367,12,3676,6,203,165,19,388
1982,Jun,788,1854,1406,11,4059,2,194,174,18,386
1982,Jul,1011,2040,1514,11,4576,60,187,176,19,382
1982,Aug,1137,1980,1456,12,4585,107,170,188,18,376
1982,Sep,1074,2085,1478,13,4650,103,173,185,20,378
1982,Oct,863,1901,1350,13,4127,99,182,190,18,391
1982,Nov,693,1779,1343,17,3832,135,229,198,18,444
1982,Dec,601,1508,1207,13,3329,153,247,204,20,471
1983,Jan,678,1458,1134,15,3285,136,278,216,18,512
1983,Feb,691,1409,906,15,3021,117,314,217,16,547
1983,Mar,693,1486,1065,14,3258,61,285,215,18,517
1983,Apr,753,1731,1295,14,3793,29,280,225,19,524
1983,May,747,1946,1444,13,4150,30,259,221,19,499
1983,Jun,972,2139,1561,14,4686,29,233,220,20,474
1983,Jul,1260,2276,1656,13,5205,30,216,219,20,455
1983,Aug,1251,2307,1688,14,5260,152,193,222,21,436
1983,Sep,1234,2333,1620,14,5201,193,192,221,19,431
1983,Oct,1053,2194,1554,14,4815,187,213,226,20,459
1983,Nov,723,1917,1489,15,4144,171,263,230,21,515
1983,Dec,631,1653,1409,15,3708,189,295,238,22,555
1984,Jan,752,1617,1342,17,3728,311,338,256,21,615
1984,Feb,783,1546,1049,17,3395,266,360,257,16,633
1984,Mar,681,1649,1314,17,3661,251,337,260,21,618
1984,Apr,714,1790,1417,18,3939,251,308,260,22,590
1984,May,751,2028,1635,17,4431,150,296,259,22,577
1984,Jun,1013,2314,1674,15,5016,56,275,261,22,558
1984,Jul,1206,2455,1783,14,5458,90,246,267,23,536
1984,Aug,1298,2509,1843,15,5665,186,225,262,23,510
1984,Sep,1213,2418,1742,16,5389,200,228,266,21,515
1984,Oct,985,2352,1702,14,5053,259,245,265,21,531
1984,Nov,740,2082,1593,18,4433,306,295,275,22,592
1984,Dec,680,1850,1451,18,3999,336,323,285,23,631
1985,Jan,825,1820,1417,19,4081,326,382,310,22,714
1985,Feb,720,1620,1094,18,3452,281,410,319,23,752
1985,Mar,766,1728,1138,20,3652,283,389,308,20,717
1985,Apr,770,1900,1413,19,4102,267,393,318,24,735
1985,May,877,2364,1675,18,4934,245,342,303,25,670
1985,Jun,1096,2403,1681,16,5196,267,307,293,23,623
1985,Jul,1215,2607,1786,15,5623,291,273,290,22,586
1985,Aug,1411,2810,1900,16,6137,389,263,295,23,581
1985,Sep,1207,2535,1697,17,5456,305,264,295,22,581
1985,Oct,1022,2636,1789,16,5463,341,304,306,22,632
1985,Nov,867,2364,1710,17,4958,347,330,311,24,664
1985,Dec,743,2007,1520,18,4288,438,379,321,24,724
1986,Jan,844,2054,1534,17,4449,485,450,338,23,811
1986,Feb,803,1745,1081,18,3647,330,482,341,20,843
1986,Mar,769,1744,1284,18,3815,356,406,327,21,754
1986,Apr,861,2321,1762,18,4962,404,378,341,25,744
1986,May,901,2558,1861,18,5338,298,399,337,26,762
1986,Jun,1213,2743,1949,18,5923,258,382,335,29,747
1986,Jul,1520,2961,2094,18,6593,43,332,327,29,688
1986,Aug,1537,2914,2108,18,6577,329,296,342,31,668
1986,Sep,1616,2945,2085,18,6664,460,307,341,29,677
1986,Oct,1121,2699,2023,18,5861,456,323,345,30,698
1986,Nov,858,2339,1827,18,5042,415,383,370,32,785
1986,Dec,765,2156,1784,18,4723,516,455,379,32,865
1987,Jan,842,2074,1629,18,4563,522,519,402,33,954
1987,Feb,840,2151,1393,18,4402,504,510,389,26,924
1987,Mar,803,2280,1785,18,4886,589,414,399,33,846
1987,Apr,904,2483,1909,18,5314,512,392,402,35,829
1987,May,987,2684,2075,18,5764,383,456,411,34,901
1987,Jun,1222,2906,2139,19,6286,287,457,405,34,896
1987,Jul,1749,3290,2339,19,7397,314,426,405,34,864
1987,Aug,1744,3099,2262,19,7124,269,371,408,34,813
1987,Sep,1775,3313,2389,19,7496,323,350,415,35,800
1987,Oct,1258,3019,2172,19,6468,275,388,435,34,857
1987,Nov,998,2717,2035,19,5769,333,434,443,35,912
1987,Dec,900,2386,1851,19,5156,594,538,417,33,987
1988,Jan,916,2391,1816,19,5142,467,563,502,36,1102
1988,Feb,829,2187,1477,19,4512,400,566,456,32,1054
1988,Mar,976,2388,1664,19,5047,393,574,462,31,1066
1988,Apr,1017,2547,1953,18,5535,367,523,499,38,1059
1988,May,1180,3024,2203,19,6426,216,530,462,38,1030
1988,Jun,1645,3336,2331,18,7330,247,528,462,39,1029
1988,Jul,2037,3472,2385,19,7913,403,472,447,37,955
1988,Aug,1962,3413,2412,19,7806,469,405,434,36,875
1988,Sep,1956,3536,2417,19,7928,543,395,465,38,898
1988,Oct,1351,3169,2243,19,6782,550,446,494,38,978
1988,Nov,963,2807,2050,19,5839,537,507,506,41,1053
1988,Dec,881,2549,1926,19,5375,592,619,492,37,1148
1989,Jan,1013,2623,1915,20,5571,534,670,554,41,1264
1989,Feb,1023,2329,1331,20,4703,359,709,523,33,1265
1989,Mar,903,2570,1826,20,5319,710,650,506,42,1198
1989,Apr,1037,2841,2006,20,5904,546,593,518,43,1154
1989,May,1142,3203,2185,20,6550,517,560,501,44,1104
1989,Jun,1599,3535,2317,20,7471,485,557,493,42,1092
1989,Jul,2134,3762,2457,20,8373,616,527,494,43,1065
1989,Aug,2171,3763,2468,20,8422,682,484,511,44,1038
1989,Sep,2370,3918,2455,20,8763,516,471,515,43,1029
1989,Oct,1647,3535,2289,20,7491,494,491,519,44,1054
1989,Nov,1090,3247,2091,20,6448,482,565,534,46,1145
1989,Dec,946,2772,1838,20,5576,430,666,550,45,1262
1990,Jan,1069,2739,1729,20,5557,422,698,604,47,1349
1990,Feb,1117,2657,1394,20,5188,394,740,564,35,1339
1990,Mar,1045,2830,1865,21,5761,388,717,581,48,1345
1990,Apr,1093,3078,1971,21,6163,399,656,575,50,1282
1990,May,1194,3382,2140,20,6736,454,623,558,50,1231
1990,Jun,1640,3901,2362,21,7924,514,667,564,51,1282
1990,Jul,2537,4164,2421,21,9143,610,603,554,50,1207
1990,Aug,2665,4242,2479,21,9407,790,523,567,49,1138
1990,Sep,2697,4101,2369,21,9188,666,508,561,49,1118
1990,Oct,1772,3836,2216,21,7845,613,487,564,49,1101
1990,Nov,1202,3594,2113,21,6930,622,632,590,52,1274
1990,Dec,1007,3056,1873,21,5957,598,743,595,53,1391
1991,Jan,1130,3198,1898,21,6247,684,792,658,55,1505
1991,Feb,1057,2766,1385,21,5229,354,769,623,51,1442
1991,Mar,1065,2994,1624,21,5704,581,720,578,45,1344
1991,Apr,1236,3603,2159,21,7019,688,673,629,58,1360
1991,May,1361,3909,2245,21,7536,793,659,594,61,1314
1991,Jun,2403,4170,2319,21,8913,827,685,598,59,1342
1991,Jul,2630,4494,2444,22,9590,1073,616,587,60,1262
1991,Aug,2762,4576,2455,22,9815,1181,554,607,59,1220
1991,Sep,2629,4343,2298,22,9292,1139,566,632,63,1261
1991,Oct,2048,4238,2304,22,8612,1334,611,606,63,1280
1991,Nov,1230,3623,2069,22,6944,1206,684,633,63,1381
1991,Dec,1036,3330,1850,22,6238,1159,803,659,63,1525
1992,Jan,1301,3398,1891,22,6612,1206,878,734,68,1680
1992,Feb,1255,3005,1337,22,5619,702,926,703,56,1685
1992,Mar,1183,3258,1789,22,6252,1227,876,650,62,1588
1992,Apr,1239,3552,1918,23,6732,985,761,688,70,1518
1992,May,1540,4091,2162,23,7816,1228,740,661,69,1470
1992,Jun,1827,4333,2207,23,8390,1238,711,682,68,1461
1992,Jul,2602,4757,2352,22,9733,1524,694,664,68,1427
1992,Aug,2918,4611,2250,23,9802,2068,673,681,73,1428
1992,Sep,3207,4998,2376,23,10604,1914,656,691,70,1417
1992,Oct,2286,4543,2168,23,9020,1710,645,663,69,1376
1992,Nov,1218,3735,1888,23,6864,1879,737,713,76,1526
1992,Dec,1140,3689,1857,23,6709,2185,856,702,74,1631
1993,Jan,1305,3565,1560,23,6453,1270,904,757,71,1732
1993,Feb,1374,3231,1319,24,5948,1421,969,732,58,1759
1993,Mar,1209,3734,1750,23,6716,1990,927,677,67,1671
1993,Apr,1422,4076,1841,23,7362,1899,862,736,72,1671
1993,May,1678,4538,1953,23,8192,2147,865,706,74,1646
1993,Jun,2424,4870,2026,23,9343,1827,751,721,72,1544
1993,Jul,3251,5387,2151,23,10812,1786,696,693,81,1470
1993,Aug,3450,5178,2132,23,10783,1535,703,720,85,1507
1993,Sep,3108,5381,2161,23,10673,1149,709,705,80,1494
1993,Oct,2100,4714,1885,23,8722,478,681,701,68,1450
1993,Nov,1435,4387,1819,23,7664,359,731,743,80,1554
1993,Dec,1336,4071,1711,23,7141,343,859,760,83,1702
1994,Jan,1438,3964,1670,24,7096,386,1012,812,77,1901
1994,Feb,1333,3594,1250,23,6200,73,1002,794,64,1860
1994,Mar,1391,3879,1518,24,6812,288,1045,714,67,1826
1994,Apr,1622,4573,1781,24,8000,408,981,787,75,1843
1994,May,2267,5123,1931,24,9345,677,878,729,78,1685
1994,Jun,2824,5339,1966,24,10153,1067,802,779,82,1662
1994,Jul,3219,5489,1962,23,10693,864,767,755,78,1601
1994,Aug,3085,5435,2004,23,10547,609,765,750,87,1602
1994,Sep,3218,5702,2031,23,10974,620,758,785,84,1626
1994,Oct,2428,5178,1916,24,9546,391,825,765,71,1661
1994,Nov,1591,4671,1725,23,8010,428,869,770,79,1719
1994,Dec,1413,4559,1682,23,7677,516,901,762,77,1741
1995,Jan,1526,4183,1537,24,7270,449,1073,862,85,2019
1995,Feb,1575,3795,1166,23,6559,257,1128,821,69,2018
1995,Mar,1452,4078,1437,24,6991,596,1182,736,74,1992
1995,Apr,1593,4430,1564,24,7611,591,1068,822,83,1973
1995,May,2006,5254,1819,24,9103,1189,948,763,81,1792
1995,Jun,3104,5858,1919,23,10904,1072,857,804,87,1748
1995,Jul,3486,5844,1933,24,11287,345,824,793,81,1697
1995,Aug,3249,5709,1886,24,10868,199,830,781,84,1695
1995,Sep,3419,5967,1912,24,11322,187,783,820,87,1690
1995,Oct,2498,5480,1832,24,9834,174,840,788,81,1709
1995,Nov,1773,5002,1736,23,8534,143,914,808,83,1805
1995,Dec,1383,4308,1481,24,7196,137,963,787,82,1832
1996,Jan,1549,4495,1510,24,7578,137,1179,869,79,2128
1996,Feb,1516,4147,1343,24,7030,95,1169,873,76,2118
1996,Mar,1734,4347,1346,24,7451,137,1227,825,71,2123
1996,Apr,1737,4773,1584,24,8118,139,1222,890,82,2194
1996,May,1805,5342,1673,24,8844,162,1048,794,77,1919
1996,Jun,2893,5867,1788,24,10572,176,915,817,77,1809
1996,Jul,3847,6402,1908,24,12181,193,878,811,75,1763
1996,Aug,4025,6510,1985,24,12544,195,808,824,78,1710
1996,Sep,3700,6134,1815,24,11673,185,816,850,77,1742
1996,Oct,2767,6090,1779,24,10660,177,843,844,75,1762
1996,Nov,2122,5615,1731,24,9492,163,897,868,78,1842
1996,Dec,1500,4743,1473,24,7740,152,985,821,72,1878
1997,Jan,1663,4843,1484,24,8014,150,1206,945,78,2230
1997,Feb,1666,4244,1151,24,7085,102,1197,894,69,2160
1997,Mar,1454,4352,1275,25,7106,157,1228,877,74,2178
1997,Apr,1715,5454,1699,25,8893,165,1223,891,80,2194
1997,May,2132,5972,1715,25,9844,183,1052,883,79,2014
1997,Jun,2923,5972,1634,25,10554,180,972,893,80,1945
1997,Jul,3631,6811,1787,25,12254,190,930,847,75,1852
1997,Aug,3694,6449,1724,25,11892,200,842,849,80,1771
1997,Sep,3662,6463,1728,39,11892,186,851,842,73,1766
1997,Oct,2768,6457,1713,24,10962,181,930,865,73,1868
1997,Nov,1991,5525,1535,25,9076,162,978,901,78,1957
1997,Dec,1639,5309,1520,26,8494,158,1057,843,72,1972
1998,Jan,1724,4922,1373,25,8044,133,1266,930,73,2270
1998,Feb,1858,4823,1195,25,7901,123,1257,904,65,2226
1998,Mar,1668,4970,1389,26,8053,159,1258,900,74,2232
1998,Apr,2043,5869,1598,25,9535,181,1246,925,81,2252
1998,May,2615,6302,1542,26,10485,201,1062,883,79,2024
1998,Jun,3313,6797,1737,26,11873,204,1019,875,77,1972
1998,Jul,4091,7361,1801,26,13279,225,926,851,74,1852
1998,Aug,4616,7388,1765,26,13795,228,831,815,74,1719
1998,Sep,3877,7056,1684,26,12643,211,822,829,74,1725
1998,Oct,3279,6771,1545,26,11621,193,868,832,70,1770
1998,Nov,1863,6011,1481,26,9381,170,988,865,73,1926
1998,Dec,1847,5588,1380,25,8840,169,976,927,72,1975
1999,Jan,1521,5268,1277,26,8092,163,1319,922,75,2315
1999,Feb,1799,4818,1225,26,7868,116,1267,912,69,2248
1999,Mar,1395,5463,1277,26,8161,174,1293,899,74,2266
1999,Apr,2288,6187,1457,26,9958,190,1297,964,81,2342
1999,May,1885,6235,1423,26,9569,197,1144,904,78,2125
1999,Jun,3385,6921,1554,26,11886,224,1088,910,77,2076
1999,Jul,3942,7650,1658,26,13276,236,961,874,75,1911
1999,Aug,4560,7370,1661,26,13617,236,862,852,76,1790
1999,Sep,3474,7288,1575,27,12364,210,854,839,75,1768
1999,Oct,3445,6859,1525,26,11855,194,905,841,74,1820
1999,Nov,1650,6334,1519,26,9529,175,1036,871,77,1983
1999,Dec,2056,5637,1397,25,9115,163,1037,923,83,2043
2000,Jan,1459,5612,1377,26,8473,159,1404,953,77,2433
2000,Feb,2003,5101,1127,26,8258,121,1393,925,73,2391
2000,Mar,1862,5465,1342,26,8696,175,1385,943,80,2408
2000,Apr,1727,5972,1398,26,9123,189,1387,993,86,2466
2000,May,2366,7016,1588,26,10996,210,1196,940,83,2219
2000,Jun,3427,7677,1627,26,12757,526,1135,968,88,2190
2000,Jul,4087,7741,1626,32,13486,775,986,909,84,1980
2000,Aug,4147,8042,1667,16,13871,387,919,883,83,1885
2000,Sep,4020,7737,1628,20,13406,419,889,894,83,1866
2000,Oct,3432,7501,1561,25,12519,614,954,895,80,1930
2000,Nov,2044,6513,1480,33,10070,294,1068,950,89,2107
2000,Dec,1658,5969,1349,43,9020,385,1149,956,77,2183
2001,Jan,1633,6052,1289,33,9008,173,1416,1004,91,2511
2001,Feb,1852,5451,1127,30,8461,231,1421,958,78,2458
2001,Mar,1766,6019,1319,33,9137,369,1429,969,84,2482
2001,Apr,1772,6262,1322,30,9386,209,1435,1014,90,2540
2001,May,2570,7580,1541,29,11719,545,1278,927,85,2290
2001,Jun,3212,7739,1510,28,12490,897,1230,928,87,2245
2001,Jul,4052,8026,1514,27,13619,700,1091,870,79,2040
2001,Aug,4381,8294,1567,29,14271,844,1003,857,83,1942
2001,Sep,4015,8028,1516,31,13590,506,938,872,86,1896
2001,Oct,3621,7736,1466,33,12857,323,983,871,81,1935
2001,Nov,2221,6879,1357,31,10488,383,1086,902,86,2074
2001,Dec,1704,6147,1230,32,9113,512,1181,889,82,2152
2002,Jan,1747,6094,1164,35,9040,794,1466,964,85,2516
2002,Feb,1849,5555,1062,30,8497,315,1468,969,83,2520
2002,Mar,1714,5921,1098,30,8763,587,1453,952,86,2491
2002,Apr,2147,7202,1422,30,10801,878,1464,1005,92,2561
2002,May,2630,7799,1456,28,11913,901,1285,921,86,2292
2002,Jun,3510,8014,1460,27,13010,835,1258,847,80,2185
2002,Jul,4489,8610,1545,29,14673,889,1070,852,80,2001
2002,Aug,4412,8490,1511,29,14442,746,985,879,82,1946
2002,Sep,3868,8167,1430,30,13495,590,930,885,83,1898
2002,Oct,3210,7947,1414,33,12605,330,1008,856,77,1941
2002,Nov,2011,6962,1304,32,10309,323,1146,852,77,2075
2002,Dec,1808,6478,1246,33,9565,641,1261,877,77,2215
2003,Jan,1884,6142,1117,35,9178,632,1484,995,86,2565
2003,Feb,1960,5795,996,30,8781,562,1512,989,76,2578
2003,Mar,1811,6212,1121,32,9176,641,1611,956,83,2650
2003,Apr,1986,6674,1313,30,10004,571,1576,877,79,2532
2003,May,2766,7749,1343,29,11887,878,1364,793,77,2235
2003,Jun,3424,7932,1340,28,12723,864,1367,837,86,2290
2003,Jul,4239,8833,1338,32,14442,1321,1137,810,82,2028
2003,Aug,4767,8838,1264,30,14900,1224,1063,841,91,1995
2003,Sep,4113,8440,1406,33,13991,1132,963,861,92,1916
2003,Oct,4059,8312,1405,34,13809,772,949,841,85,1875
2003,Nov,1347,7231,1174,34,9786,827,1126,850,89,2066
2003,Dec,2008,6678,1035,38,9759,1403,1293,891,87,2271
2004,Jan,1822,6247,1111,34,9215,953,1552,957,86,2595
2004,Feb,2199,5780,1026,33,9038,583,1576,987,88,2651
2004,Mar,1941,6423,1239,32,9636,361,1636,1016,98,2749
2004,Apr,2081,7218,1150,33,10482,567,1541,953,89,2583
2004,May,2347,7684,1405,31,11467,393,1295,884,77,2256
2004,Jun,3475,8543,1383,29,13430,1048,1288,939,81,2308
2004,Jul,4576,9138,1421,29,15164,996,1082,884,72,2039
2004,Aug,4541,8861,1412,31,14845,1255,1010,884,75,1969
2004,Sep,4039,8895,1437,31,14402,1048,957,872,74,1903
2004,Oct,3178,7931,1283,32,12423,756,964,845,70,1879
2004,Nov,2063,7469,1290,34,10856,1398,1121,873,74,2068
2004,Dec,1870,7066,1274,34,10243,1754,1216,852,70,2138
2005,Jan,1923,6403,981,35,9343,2095,1557,968,77,2602
2005,Feb,2157,5982,1055,31,9224,970,1609,1006,80,2694
2005,Mar,2205,6165,998,32,9401,1650,1698,994,83,2776
2005,Apr,2166,7173,1222,31,10592,1188,1599,935,77,2611
2005,May,2922,8243,1414,31,12610,1323,1321,862,74,2257
2005,Jun,3498,8868,1326,29,13721,494,1282,927,78,2286
2005,Jul,4402,8961,1322,29,14713,1023,1091,854,71,2016
2005,Aug,4321,9165,1357,33,14876,929,1035,868,72,1976
2005,Sep,4321,9184,1401,32,14938,1629,970,864,73,1907
2005,Oct,3519,8545,1222,34,13320,1305,947,826,68,1841
2005,Nov,2460,7814,1221,33,11528,1512,1100,903,73,2076
2005,Dec,1918,6837,1116,34,9905,2073,1235,912,71,2219
2006,Jan,1989,6284,960,33,9267,1482,1584,968,75,2628
2006,Feb,1881,5820,916,36,8653,1239,1612,995,73,2679
2006,Mar,2161,7002,1140,33,10336,1471,1612,962,77,2652
2006,Apr,2198,7523,1168,30,10919,1302,1521,933,78,2532
2006,May,3015,8632,1288,31,12966,1101,1290,886,75,2251
2006,Jun,3586,8863,1287,30,13766,1019,1253,920,80,2253
2006,Jul,5007,9663,1310,32,16013,2084,1081,878,75,2034
2006,Aug,4895,9482,1354,29,15759,2021,1022,894,75,1991
2006,Sep,3866,8717,1244,35,13861,1464,970,865,75,1911
2006,Oct,3044,8485,1146,36,12710,1100,955,837,70,1863
2006,Nov,1804,7823,1091,34,10752,738,1081,926,72,2078
2006,Dec,1983,7075,1110,33,10202,1279,1100,986,77,2163
2007,Jan,1911,6471,932,38,9351,1926,1488,1006,74,2568
2007,Feb,1820,6128,918,32,8897,589,1577,1026,77,2680
2007,Mar,2317,7230,935,32,10514,1553,1545,983,75,2602
2007,Apr,2091,7305,1120,32,10548,1135,1518,978,78,2574
2007,May,2899,8549,1183,30,12662,1701,1341,923,76,2340
2007,Jun,4166,9510,1259,29,14963,1449,1232,945,80,2257
2007,Jul,5932,10428,1326,32,17718,1285,1042,890,72,2005
2007,Aug,4590,9308,1160,32,15089,758,994,902,75,1971
2007,Sep,3921,8717,1147,31,13815,854,929,868,74,1872
2007,Oct,3006,8690,1063,36,12796,878,923,868,68,1859
2007,Nov,1872,7493,995,34,10394,808,1078,941,75,2094
2007,Dec,1897,7327,1067,34,10324,1592,1174,976,71,2221
2008,Jan,2143,7129,1029,36,10336,2455,1479,1022,77,2578
2008,Feb,2601,5979,811,33,9424,1156,1643,1026,75,2744
2008,Mar,2553,6897,893,32,10375,1511,1639,940,67,2646
2008,Apr,2135,7991,1097,31,11254,620,1587,969,79,2635
2008,May,2725,8780,1148,30,12682,473,1385,921,78,2384
2008,Jun,3460,8932,1010,30,13431,556,1312,938,83,2333
2008,Jul,4434,9566,1149,31,15180,963,1128,876,76,2079
2008,Aug,4639,9338,1070,31,15078,978,1085,899,76,2060
2008,Sep,4805,9336,1079,34,15255,1058,987,862,77,1926
2008,Oct,3391,8837,1023,35,13286,822,983,858,72,1913
2008,Nov,2307,7650,916,32,10904,1074,1132,926,77,2134
2008,Dec,1907,7238,957,36,10138,1122,1224,858,69,2151
2009,Jan,2187,6800,807,35,9830,615,1474,1029,82,2585
2009,Feb,2375,6490,693,32,9590,1015,1614,983,69,2666
2009,Mar,2312,7429,888,33,10662,1086,1526,902,71,2499
2009,Apr,2155,7445,953,31,10584,1040,1561,943,75,2578
2009,May,3035,8538,943,29,12545,1125,1400,899,71,2369
2009,Jun,3943,9484,1041,31,14499,1073,1272,901,79,2253
2009,Jul,4797,10038,1059,32,15925,1222,1099,865,74,2038
2009,Aug,5355,9885,1053,33,16325,1325,1056,897,77,2029
2009,Sep,4942,9512,1006,32,15492,1530,969,885,77,1932
2009,Oct,3352,8745,978,34,13109,878,949,868,71,1887
2009,Nov,2355,7513,870,35,10773,1192,1102,931,77,2109
2009,Dec,2165,6977,852,37,10031,1332,1281,967,81,2329
2010,Jan,2561,6975,822,34,10391,1058,1487,1021,80,2588
2010,Feb,2388,6396,776,33,9592,248,1569,1037,82,2688
2010,Mar,2645,7716,765,36,11162,1512,1507,927,71,2506
2010,Apr,2296,7494,929,32,10751,1109,1537,988,76,2602
2010,May,3470,8685,1002,31,13188,626,1409,937,76,2422
2010,Jun,3661,9458,1037,30,14185,605,1283,942,77,2302
2010,Jul,5087,10186,1064,31,16368,479,1089,890,73,2052
2010,Aug,4995,10043,1039,33,16110,630,1047,926,79,2052
2010,Sep,4583,9416,1002,33,15033,436,978,914,78,1970
2010,Oct,3193,8576,917,34,12719,637,951,890,72,1913
2010,Nov,2270,7494,839,36,10639,1163,1135,976,78,2189
2010,Dec,2196,7445,890,35,10566,889,1280,941,75,2296
2011,Jan,2645,7083,846,36,10611,241,1506,1117,87,2710
2011,Feb,2490,5916,739,33,9178,202,1658,1050,75,2783
2011,Mar,2577,7136,746,33,10491,263,1582,940,73,2594
2011,Apr,2485,7502,896,30,10913,295,1632,1006,80,2717
2011,May,3237,9048,1016,32,13333,554,1393,945,87,2424
2011,Jun,4271,9862,1064,28,15225,1498,1260,949,100,2309
2011,Jul,4742,10097,1074,29,15942,655,1081,899,95,2075
2011,Aug,5326,10218,1093,33,16669,1577,1041,924,97,2061
2011,Sep,4392,9338,996,31,14758,947,958,923,98,1979
2011,Oct,3008,8534,867,35,12444,1184,1003,905,96,2004
2011,Nov,2557,7964,883,34,11438,1663,1127,982,103,2212
2011,Dec,2141,7368,884,35,10428,1566,1260,922,96,2279
2012,Jan,2586,6983,780,37,10387,184,1508,1112,113,2732
2012,Feb,2666,6507,809,34,10016,680,1669,1081,102,2852
2012,Mar,2827,7294,868,33,11023,839,1620,968,99,2686
2012,Apr,2753,7921,910,32,11617,716,1581,993,110,2683
2012,May,3862,9852,1047,31,14791,360,1340,921,106,2367
2012,Jun,4168,9824,1004,28,15024,828,1218,927,113,2258
2012,Jul,4811,10040,1055,31,15937,886,1075,887,98,2060
2012,Aug,5303,10165,1054,31,16553,320,1067,910,113,2090
2012,Sep,4448,9305,1014,30,14797,374,1002,915,115,2033
2012,Oct,3216,8706,903,36,12861,536,914,918,106,1939
2012,Nov,2236,8022,936,33,11227,292,1149,961,129,2240
2012,Dec,2313,7431,901,35,10680,601,1331,962,126,2418
2013,Jan,2675,7105,826,35,10641,389,1685,1067,128,2880
2013,Feb,2153,6435,776,32,9396,158,1601,1054,137,2793
2013,Mar,2408,7746,821,30,11004,317,1303,933,124,2360
2013,Apr,2342,7856,940,34,11173,342,1463,1005,136,2604
2013,May,3770,9081,1023,30,13904,475,1251,964,127,2341
2013,Jun,4326,10002,1035,27,15390,551,1070,957,138,2166
2013,Jul,4690,10076,1047,32,15845,688,959,917,136,2012
2013,Aug,5199,9970,1026,28,16224,1138,1042,947,143,2131
2013,Sep,4257,9429,981,34,14701,918,1062,951,138,2151
2013,Oct,3370,8814,924,35,13143,292,1040,915,127,2083
2013,Nov,2499,7738,879,33,11149,266,1280,969,139,2389
2013,Dec,2251,7430,912,37,10629,407,1508,1000,138,2646
2014,Jan,2633,7049,803,35,10521,374,1833,1099,139,3071
2014,Feb,2603,6342,691,33,9669,299,1757,1081,133,2971
2014,Mar,2734,7407,836,33,11010,454,1479,979,132,2590
2014,Apr,2425,7943,971,31,11370,493,1497,1033,130,2660
2014,May,3907,9382,1045,30,14362,277,1228,957,143,2327
2014,Jun,4664,10296,1058,29,16047,324,1037,962,146,2145
2014,Jul,5658,10508,1059,31,17255,608,910,923,139,1973
2014,Aug,5367,10126,1071,30,16593,533,965,941,146,2052
2014,Sep,5045,9798,993,33,15870,320,1002,943,139,2084
2014,Oct,3649,8865,967,34,13515,270,990,892,130,2012
2014,Nov,2488,7787,890,32,11197,234,1249,961,147,2358
2014,Dec,2243,7382,896,37,10559,227,1452,991,148,2591
2015,Jan,2554,7113,876,35,10578,223,1811,1080,152,3043
2015,Feb,2289,6367,762,31,9449,169,1747,1099,150,2996
2015,Mar,2597,7562,875,34,11067,209,1368,959,131,2459
2015,Apr,2661,7928,871,31,11491,234,1463,1030,140,2633
2015,May,3896,9713,1103,28,14740,292,1152,958,138,2248
2015,Jun,4706,10701,1127,30,16564,338,1009,964,139,2112
2015,Jul,5207,10172,1037,30,16445,349,879,917,135,1931
2015,Aug,5535,9956,1039,31,16561,652,989,952,144,2085
2015,Sep,4386,9637,1045,31,15099,580,984,954,136,2074
2015,Oct,3556,8943,931,34,13463,486,981,930,120,2031
2015,Nov,2841,8173,879,35,11928,349,1192,980,133,2305
2015,Dec,2140,7630,892,36,10698,392,1366,991,132,2488
2016,Jan,2677,7410,881,31,11000,227,1689,1071,118,2877
2016,Feb,2738,6392,731,34,9895,169,1898,1117,101,3115
2016,Mar,2799,7079,827,34,10739,209,1558,1012,104,2674
2016,Apr,2917,8099,877,32,11925,335,1533,1043,133,2709
2016,May,3658,9518,1041,32,14249,418,1140,971,134,2246
2016,Jun,4819,10348,1047,29,16243,500,1047,970,136,2153
2016,Jul,5350,10536,1111,28,17026,515,894,927,131,1953
2016,Aug,4961,10057,1034,32,16084,464,962,948,128,2038
2016,Sep,4595,9381,989,32,14997,529,1040,960,132,2132
2016,Oct,3858,9281,980,35,14154,436,1013,929,132,2074
2016,Nov,2615,7955,861,35,11466,263,1233,982,141,2356
2016,Dec,2131,7681,875,35,10722,274,1430,970,87,2487
2017,Jan,2455,7211,843,34,10543,209,1632,1126,205,2963
2017,Feb,2205,6555,764,36,9559,184,1744,1076,134,2953
2017,Mar,2531,7492,861,33,10916,234,1490,987,132,2609
2017,Apr,2614,7939,868,29,11449,324,1546,1070,143,2759
2017,May,3128,9336,1021,32,13518,335,1216,1008,137,2361
2017,Jun,4685,10183,1073,28,15969,454,1089,1020,142,2251
2017,Jul,4847,10447,1024,31,16349,616,932,975,113,2020
2017,Aug,5574,10423,1055,31,17083,677,945,1000,115,2059
2017,Sep,5244,9953,1031,31,16259,612,981,986,120,2087
2017,Oct,3884,9256,910,36,14086,436,950,965,117,2033
2017,Nov,2731,7665,840,34,11270,252,1299,1029,138,2467
2017,Dec,2230,7432,906,33,10601,497,1496,919,73,2488
2018,Jan,2592,7503,821,38,10954,306,1748,1261,197,3206
2018,Feb,2615,6372,769,32,9787,191,1885,1165,137,3187
2018,Mar,2744,7556,820,31,11151,317,1435,999,126,2560
2018,Apr,2530,8152,880,31,11593,450,1477,1068,135,2680
2018,May,4067,10418,1113,29,15627,500,1202,1016,145,2363
2018,Jun,4288,10417,1051,28,15784,169,1006,1012,145,2162
2018,Jul,5370,10334,1013,30,16746,0,963,973,149,2084
2018,Aug,5040,10452,1058,31,16580,0,992,1001,155,2149
2018,Sep,4511,9621,948,29,15109,68,1034,993,147,2174
2018,Oct,3315,8790,874,35,13014,0,1035,964,134,2133
2018,Nov,2627,8164,864,33,11688,0,1273,1033,137,2443
2018,Dec,2266,7911,871,34,11082,0,1416,882,111,2409
2019,Jan,2472,7693,832,35,11032,0,1712,1255,178,3144
2019,Feb,2271,6783,743,31,9828,0,1686,1098,141,2925
2019,Mar,2551,8096,827,31,11505,0,1353,958,140,2451
2019,Apr,2862,8745,921,31,12560,0,1456,1051,156,2663
2019,May,3295,9660,962,29,13946,0,1179,986,153,2318
2019,Jun,4788,10308,1011,26,16133,0,1101,1007,167,2275
2019,Jul,5239,11034,1033,32,17337,0,905,957,167,2030
2019,Aug,5497,10497,1024,30,17048,0,948,952,167,2067
2019,Sep,4879,9827,917,32,15656,0,983,949,153,2085
2019,Oct,4016,9265,895,34,14209,0,996,888,145,2028
2019,Nov,2698,7712,835,31,11276,0,1255,928,154,2338
2019,Dec,2370,7543,813,34,10760,0,1446,837,105,2388
2020,Jan,2255,7646,832,32,10765,0,1624,1138,220,2982
2020,Feb,2472,6659,729,28,9889,0,1809,939,142,2890
2020,Mar,2701,7457,802,34,10993,0,1564,734,127,2425
2020,Apr,2699,6976,828,32,10535,0,1638,744,121,2504
2020,May,4646,9182,1047,27,14903,0,1359,702,112,2173
2020,Jun,5213,10289,1001,28,16531,0,1244,817,131,2191
2020,Jul,6124,10635,1014,28,17801,0,995,804,132,1930
2020,Aug,5466,9754,1047,29,16297,0,1043,641,130,1814
2020,Sep,5774,9063,916,28,15782,0,1131,628,134,1892
2020,Oct,4007,8234,805,30,13076,0,1251,780,128,2159
2020,Nov,2928,7762,834,32,11557,0,1437,872,141,2450
2020,Dec,2388,7384,816,32,10621,0,1590,812,134,2537
2021,Jan,3021,6909,852,31,10814,0,2077,765,140,2981
2021,Feb,2683,5989,745,28,9445,0,1942,769,134,2844
2021,Mar,2859,7814,806,29,11508,0,1436,766,123,2326
2021,Apr,2641,8386,898,24,11949,0,1505,864,136,2505
2021,May,5030,10230,1130,25,16415,0,1159,841,124,2124
2021,Jun,4613,10593,1075,24,16305,0,985,839,131,1955
2021,Jul,6021,10493,1039,25,17578,0,982,827,125,1934
2021,Aug,5453,10459,1033,26,16971,0,1042,864,135,2041
2021,Sep,5686,10246,1036,26,16993,0,1003,865,132,2000
2021,Oct,3850,9231,907,27,14016,0,891,830,127,1848
2021,Nov,3098,7615,760,29,11501,0,1449,914,142,2505
2021,Dec,2509,7666,881,27,11082,0,1546,922,146,2614
2022,Jan,2468,7534,841,30,10873,0,1922,978,154,3055
2022,Feb,2786,6265,761,29,9841,0,1926,791,132,2849
2022,Mar,3194,6920,764,26,10904,0,1732,568,122,2422
2022,Apr,3359,7494,873,21,11748,0,1739,583,145,2467
2022,May,3131,9210,1049,24,13414,0,1269,766,146,2181
2022,Jun,4682,10294,1044,22,16042,0,1058,759,91,1908
2022,Jul,5675,11194,1059,20,17948,0,923,948,200,2071
2022,Aug,5226,10754,1074,23,17076,0,964,858,146,1968
2022,Sep,5603,9895,935,24,16456,0,894,843,139,1877
2022,Oct,3685,9065,938,26,13713,0,932,819,135,1887
2022,Nov,2991,8108,894,24,12017,0,1208,880,142,2229
2022,Dec,2625,7618,853,24,11121,0,1418,914,151,2483
2023,Jan,2767,7350,843,27,10986,0,1829,963,151,2942
2023,Feb,2540,6692,751,22,10005,0,1732,972,157,2861
2023,Mar,2625,7955,862,5,11447,0,1373,872,141,2386
2023,Apr,2661,8282,924,36,11902,0,1461,935,144,2540
2023,May,3450,10012,1031,22,14515,0,1135,888,139,2163
2023,Jun,4921,10584,1050,20,16575,0,1036,890,149,2075
2023,Jul,5531,10988,1058,20,17596,0,879,847,144,1871
2023,Aug,5476,10855,1051,20,17402,0,859,865,153,1877
2023,Sep,5067,9620,955,21,15663,0,911,844,147,1902
2023,Oct,3768,9383,901,23,14076,0,915,840,140,1895
2023,Nov,2861,8243,838,22,11965,0,1166,899,155,2219
2023,Dec,2659,7884,862,22,11426,0,1350,920,123,2394
2024,Jan,2498,7861,892,26,11276,0,1665,997,199,2861
2024,Feb,2666,6993,799,21,10479,0,1724,1002,156,2882
2024,Mar,3030,7903,859,18,11810,0,1433,908,152,2493
2024,Apr,3411,9303,962,20,13695,0,1389,930,147,2466
2024,May,3315,9729,1027,21,14092,0,1088,876,143,2107
2024,Jun,4747,10067,1071,17,15902,0,1077,894,151,2122
2024,Jul,5265,11392,1106,19,17782,0,893,845,148,1886
